{"initial_reset_timestamp": 1573926986.740444, "timestamps": [1573926986.749345, 1573926986.755193, 1573926986.7627032, 1573926986.765541, 1573926986.768523, 1573926986.769815, 1573926986.772374, 1573926986.773586, 1573926986.782908, 1573926986.78755, 1573926986.7884312, 1573926986.7905269, 1573926986.791598, 1573926986.794252, 1573926986.795569, 1573926986.800981, 1573926986.803211, 1573926986.80424, 1573926986.806108, 1573926986.810576, 1573926986.811595, 1573926986.8154361, 1573926986.816519, 1573926986.817923, 1573926986.818753, 1573926986.819838, 1573926986.822465, 1573926986.829816, 1573926986.833324, 1573926986.836323, 1573926986.837427, 1573926986.8400698, 1573926986.8410518, 1573926986.842277, 1573926986.847478, 1573926986.8484569, 1573926986.850357, 1573926986.851562, 1573926986.855447, 1573926986.85698, 1573926986.861058, 1573926986.867751, 1573926986.8697789, 1573926986.8710358, 1573926986.874138, 1573926986.881362, 1573926986.884989, 1573926986.8901691, 1573926986.890892, 1573926986.8955462, 1573926986.8969421, 1573926986.899368, 1573926986.901247, 1573926986.902106, 1573926986.902516, 1573926986.9032168, 1573926986.905247, 1573926986.911295, 1573926986.9120262, 1573926986.9155898, 1573926986.9165928, 1573926986.918263, 1573926986.918859, 1573926986.921379, 1573926986.925848, 1573926986.930381, 1573926986.932044, 1573926986.934538, 1573926986.9354198, 1573926986.935928, 1573926986.93781, 1573926986.941368, 1573926986.9421241, 1573926986.947455, 1573926986.94848, 1573926986.949703, 1573926986.953876, 1573926986.954931, 1573926986.9562209, 1573926986.956715, 1573926986.9582021, 1573926986.9605591, 1573926986.9637918, 1573926986.9671512, 1573926986.96755, 1573926986.97012, 1573926986.974016, 1573926986.9759092, 1573926986.977779, 1573926986.979177, 1573926986.979823, 1573926986.9810119, 1573926986.983312, 1573926986.98402, 1573926986.987617, 1573926986.991061, 1573926986.9930618, 1573926986.9959402, 1573926986.997144, 1573926986.998341, 1573926986.9993632, 1573926987.000725, 1573926987.002568, 1573926987.006738, 1573926987.011873, 1573926987.012606, 1573926987.015645, 1573926987.016927, 1573926987.019989, 1573926987.0229492, 1573926987.02468, 1573926987.0266209, 1573926987.0277681, 1573926987.0298, 1573926987.034372, 1573926987.03582, 1573926987.038253, 1573926987.039826, 1573926987.041436, 1573926987.044717, 1573926987.046556, 1573926987.048438, 1573926987.049742, 1573926987.052105, 1573926987.0540988, 1573926987.060063, 1573926987.062643, 1573926987.0633101, 1573926987.065152, 1573926987.0668879, 1573926987.069258, 1573926987.072201, 1573926987.0744388, 1573926987.0751889, 1573926987.075867, 1573926987.080559, 1573926987.082091, 1573926987.086457, 1573926987.089849, 1573926987.09078, 1573926987.0913842, 1573926987.0957398, 1573926987.1009269, 1573926987.102531, 1573926987.105443, 1573926987.106596, 1573926987.107763, 1573926987.112967, 1573926987.114167, 1573926987.1157901, 1573926987.1195378, 1573926987.124765, 1573926987.1252658, 1573926987.125988, 1573926987.129156, 1573926987.129813, 1573926987.130846, 1573926987.1331918, 1573926987.136894, 1573926987.139511, 1573926987.1415648, 1573926987.144664, 1573926987.145917, 1573926987.147549, 1573926987.1496892, 1573926987.155242, 1573926987.1594172, 1573926987.161205, 1573926987.1625652, 1573926987.165384, 1573926987.1660259, 1573926987.167686, 1573926987.170593, 1573926987.17168, 1573926987.172726, 1573926987.1733902, 1573926987.174025, 1573926987.174422, 1573926987.176922, 1573926987.1787908, 1573926987.181364, 1573926987.182166, 1573926987.183151, 1573926987.185101, 1573926987.1866171, 1573926987.187263, 1573926987.187959, 1573926987.1896782, 1573926987.190469, 1573926987.192161, 1573926987.193708, 1573926987.195649, 1573926987.198794, 1573926987.199852, 1573926987.201638, 1573926987.2038982, 1573926987.205872, 1573926987.207009, 1573926987.210679, 1573926987.213307], "episode_lengths": [58, 55, 73, 51, 31, 20, 46, 21, 70, 66, 10, 20, 20, 29, 23, 79, 42, 19, 34, 62, 16, 52, 20, 27, 15, 18, 30, 68, 27, 48, 19, 50, 18, 20, 47, 18, 34, 23, 55, 20, 57, 100, 39, 24, 60, 88, 69, 73, 13, 61, 20, 26, 34, 14, 7, 13, 38, 68, 12, 66, 19, 32, 11, 46, 22, 40, 15, 25, 13, 9, 35, 68, 14, 100, 18, 23, 80, 20, 25, 9, 29, 46, 62, 64, 7, 49, 77, 36, 35, 27, 12, 23, 42, 13, 70, 67, 39, 53, 22, 22, 19, 23, 33, 78, 77, 13, 46, 20, 59, 56, 31, 20, 20, 29, 51, 24, 39, 29, 30, 59, 33, 35, 24, 44, 35, 70, 26, 12, 31, 33, 43, 55, 41, 14, 11, 91, 21, 43, 27, 17, 11, 57, 96, 30, 54, 21, 22, 95, 23, 31, 72, 100, 9, 12, 47, 11, 16, 17, 33, 49, 38, 38, 21, 30, 33, 30, 78, 32, 23, 55, 11, 30, 54, 19, 19, 12, 11, 7, 45, 36, 50, 15, 17, 38, 28, 12, 13, 33, 15, 31, 27, 34, 54, 19, 34, 44, 38, 22, 70, 52], "episode_rewards": [1.0, 1.0, 1.0, 1.0, 1.0, 1.0, 1.0, 0.0, 1.0, 1.0, 0.0, 1.0, 1.0, 1.0, 1.0, 0.0, 0.0, 0.0, 0.0, 1.0, 1.0, 1.0, 0.0, 1.0, 0.0, 0.0, 1.0, 1.0, 1.0, 0.0, 1.0, 1.0, 1.0, 0.0, 1.0, 1.0, 0.0, 0.0, 1.0, 1.0, 0.0, 0.0, 1.0, 1.0, 1.0, 1.0, 1.0, 1.0, 1.0, 1.0, 1.0, 1.0, 0.0, 0.0, 1.0, 1.0, 1.0, 1.0, 0.0, 1.0, 1.0, 1.0, 0.0, 1.0, 1.0, 1.0, 1.0, 1.0, 1.0, 1.0, 1.0, 1.0, 1.0, 0.0, 1.0, 0.0, 0.0, 1.0, 1.0, 1.0, 1.0, 1.0, 0.0, 0.0, 0.0, 0.0, 1.0, 1.0, 1.0, 0.0, 1.0, 0.0, 1.0, 1.0, 1.0, 1.0, 1.0, 1.0, 1.0, 0.0, 0.0, 1.0, 1.0, 1.0, 0.0, 1.0, 1.0, 1.0, 1.0, 0.0, 1.0, 0.0, 0.0, 1.0, 1.0, 1.0, 1.0, 1.0, 0.0, 0.0, 1.0, 1.0, 1.0, 1.0, 1.0, 1.0, 1.0, 1.0, 1.0, 0.0, 0.0, 1.0, 1.0, 1.0, 1.0, 1.0, 1.0, 1.0, 0.0, 1.0, 1.0, 1.0, 1.0, 1.0, 1.0, 1.0, 1.0, 1.0, 0.0, 1.0, 1.0, 0.0, 1.0, 1.0, 1.0, 1.0, 1.0, 0.0, 0.0, 0.0, 1.0, 1.0, 1.0, 1.0, 1.0, 0.0, 1.0, 1.0, 1.0, 1.0, 1.0, 1.0, 1.0, 1.0, 0.0, 1.0, 1.0, 0.0, 1.0, 0.0, 1.0, 1.0, 0.0, 1.0, 1.0, 1.0, 1.0, 1.0, 1.0, 0.0, 1.0, 1.0, 0.0, 1.0, 0.0, 1.0, 0.0, 1.0, 0.0, 0.0], "episode_types": ["t", "t", "t", "t", "t", "t", "t", "t", "t", "t", "t", "t", "t", "t", "t", "t", "t", "t", "t", "t", "t", "t", "t", "t", "t", "t", "t", "t", "t", "t", "t", "t", "t", "t", "t", "t", "t", "t", "t", "t", "t", "t", "t", "t", "t", "t", "t", "t", "t", "t", "t", "t", "t", "t", "t", "t", "t", "t", "t", "t", "t", "t", "t", "t", "t", "t", "t", "t", "t", "t", "t", "t", "t", "t", "t", "t", "t", "t", "t", "t", "t", "t", "t", "t", "t", "t", "t", "t", "t", "t", "t", "t", "t", "t", "t", "t", "t", "t", "t", "t", "t", "t", "t", "t", "t", "t", "t", "t", "t", "t", "t", "t", "t", "t", "t", "t", "t", "t", "t", "t", "t", "t", "t", "t", "t", "t", "t", "t", "t", "t", "t", "t", "t", "t", "t", "t", "t", "t", "t", "t", "t", "t", "t", "t", "t", "t", "t", "t", "t", "t", "t", "t", "t", "t", "t", "t", "t", "t", "t", "t", "t", "t", "t", "t", "t", "t", "t", "t", "t", "t", "t", "t", "t", "t", "t", "t", "t", "t", "t", "t", "t", "t", "t", "t", "t", "t", "t", "t", "t", "t", "t", "t", "t", "t", "t", "t", "t", "t", "t", "t"]}